site_id,site_name,country_code,country_name
si_0001,"Wheeler, Harvey and Barnes Research Center",US,United States
si_0002,"Cunningham, Stewart and Green Research Center",US,United States
si_0003,"Moran, Allen and Foster Research Center",US,United States
si_0004,"Brewer, Bryant and Hickman Research Center",US,United States
si_0005,Smith PLC Research Center,US,United States
si_0006,"Ferrell, Jones and Lewis Research Center",US,United States
si_0007,Anderson-Bailey Research Center,US,United States
si_0008,Suarez LLC Research Center,US,United States
si_0009,Moore-Bass Research Center,US,United States
si_0010,"Turner, Riggs and Roman Research Center",US,United States
si_0011,"Smith, Montoya and Evans Research Center",US,United States
si_0012,"Garcia, Humphrey and Baker Research Center",US,United States
si_0013,Newton and Sons Research Center,US,United States
si_0014,Campbell-Clark Research Center,US,United States
si_0015,Harris-Walters Research Center,US,United States
si_0016,Wagner-King Research Center,US,United States
si_0017,Davis Group Research Center,US,United States
si_0018,Williams-Cook Research Center,US,United States
si_0019,Walsh LLC Research Center,US,United States
si_0020,Figueroa PLC Research Center,US,United States
si_0021,"Patterson, Smith and Jones Research Center",US,United States
si_0022,"Mckee, Gardner and Davenport Research Center",US,United States
si_0023,"Tran, Jordan and Williams Research Center",US,United States
si_0024,Nolan-Flynn Research Center,US,United States
si_0025,Nolan and Sons Research Center,US,United States
si_0026,"Wright, Garcia and Deleon Research Center",US,United States
si_0027,Dickson-Brady Research Center,US,United States
si_0028,Hancock and Sons Research Center,US,United States
si_0029,Johnson-Doyle Research Center,US,United States
si_0030,Patton-Jenkins Research Center,US,United States
si_0031,"Shields, Cochran and Adams Research Center",US,United States
si_0032,"Rodriguez, Brennan and Garrison Research Center",US,United States
si_0033,Gonzalez Group Research Center,US,United States
si_0034,Torres-Pope Research Center,US,United States
si_0035,Walker Ltd Research Center,US,United States
si_0036,Ross LLC Research Center,US,United States
si_0037,Rasmussen LLC Research Center,US,United States
si_0038,May-Ross Research Center,US,United States
si_0039,"Rivera, Johnson and Wiley Research Center",US,United States
si_0040,White-Estes Research Center,US,United States
si_0041,Johnson-Carlson Research Center,US,United States
si_0042,Chandler-Edwards Research Center,US,United States
si_0043,"Joyce, Wilson and Lam Research Center",US,United States
si_0044,Scott Ltd Research Center,US,United States
si_0045,Smith-Frost Research Center,US,United States
si_0046,"Mcdaniel, Bentley and Mclaughlin Research Center",US,United States
si_0047,Diaz Inc Research Center,US,United States
si_0048,"Mccall, Hanson and Alvarado Research Center",US,United States
si_0049,Cortez LLC Research Center,US,United States
si_0050,"Parker, Ortiz and Powell Research Center",US,United States
si_0051,Spencer-Lee Research Center,US,United States
si_0052,"Bentley, Byrd and Orr Research Center",US,United States
si_0053,"Carroll, Sullivan and Bass Research Center",US,United States
si_0054,Mitchell-Jordan Research Center,US,United States
si_0055,"Lawson, Morris and Ramos Research Center",US,United States
si_0056,"Lewis, Kennedy and Santana Research Center",US,United States
si_0057,"Jackson, Miller and Robertson Research Center",US,United States
si_0058,"Harvey, Davis and Crane Research Center",US,United States
si_0059,Chambers and Sons Research Center,US,United States
si_0060,Hernandez Inc Research Center,US,United States
si_0061,Riggs PLC Research Center,US,United States
si_0062,Gibson Ltd Research Center,US,United States
si_0063,"Lee, Horton and Snyder Research Center",US,United States
si_0064,Hernandez Ltd Research Center,US,United States
si_0065,Stafford Inc Research Center,US,United States
si_0066,Robinson-Brock Research Center,US,United States
si_0067,"Holmes, Williams and Wright Research Center",US,United States
si_0068,Bryant Group Research Center,US,United States
si_0069,"Schmidt, Hansen and Stewart Research Center",US,United States
si_0070,Salazar-Ball Research Center,US,United States
si_0071,"Simmons, Meadows and Griffin Research Center",US,United States
si_0072,Manning Group Research Center,US,United States
si_0073,Green-Wright Research Center,US,United States
si_0074,"Ramirez, Strickland and Washington Research Center",US,United States
si_0075,Hill Inc Research Center,US,United States
si_0076,"Mitchell, Nelson and Flores Research Center",US,United States
si_0077,"Miller, Hernandez and Reyes Research Center",US,United States
si_0078,Mccarthy Inc Research Center,US,United States
si_0079,Russell-Daniels Research Center,US,United States
si_0080,Brown-Wall Research Center,US,United States
si_0081,Stein-Silva Research Center,US,United States
si_0082,"Smith, Gilmore and Johnston Research Center",US,United States
si_0083,Smith-Bell Research Center,US,United States
si_0084,Castaneda-Ashley Research Center,US,United States
si_0085,Medina-Navarro Research Center,US,United States
si_0086,"Hurst, Freeman and Nelson Research Center",US,United States
si_0087,Johnson-Rogers Research Center,US,United States
si_0088,"Yates, Ramsey and Pittman Research Center",US,United States
si_0089,Hooper PLC Research Center,US,United States
si_0090,Meadows PLC Research Center,US,United States
si_0091,"Alvarado, Miller and Patterson Research Center",US,United States
si_0092,White-Green Research Center,US,United States
si_0093,Lewis-Murphy Research Center,US,United States
si_0094,Ramirez-Bean Research Center,US,United States
si_0095,King-Miller Research Center,US,United States
si_0096,Curry Inc Research Center,US,United States
si_0097,Walker-Jones Research Center,US,United States
si_0098,"Williams, Johnson and Wright Research Center",US,United States
si_0099,Howell and Sons Research Center,US,United States
si_0100,Wells Inc Research Center,US,United States
si_0101,"Gould, Marshall and Scott Research Center",US,United States
si_0102,Jackson-Lawson Research Center,US,United States
si_0103,"Higgins, Strickland and Martin Research Center",US,United States
si_0104,Rodriguez-Johnson Research Center,US,United States
si_0105,Johnston-Odonnell Research Center,US,United States
si_0106,Sanders-Espinoza Research Center,US,United States
si_0107,Vargas Ltd Research Center,US,United States
si_0108,Garcia LLC Research Center,US,United States
si_0109,"Burke, Martinez and Riggs Research Center",US,United States
si_0110,Reed Group Research Center,US,United States
si_0111,"Wood, Hunter and Peterson Research Center",US,United States
si_0112,Short-Garcia Research Center,US,United States
si_0113,Reid-Poole Research Center,US,United States
si_0114,"Hernandez, Thompson and Boyd Research Center",US,United States
si_0115,"Nelson, Morton and Medina Research Center",US,United States
si_0116,Marshall-Petersen Research Center,US,United States
si_0117,"Adams, Christian and Rivas Research Center",US,United States
si_0118,Ramirez Group Research Center,US,United States
si_0119,Christensen PLC Research Center,US,United States
si_0120,"Barnett, Rogers and Snyder Research Center",US,United States
si_0121,White-Lewis Research Center,US,United States
si_0122,Peterson-Beard Research Center,US,United States
si_0123,"Beard, Peters and Black Research Center",US,United States
si_0124,Miller Ltd Research Center,FR,France
si_0125,Freeman-Chang Research Center,FR,France
si_0126,"Alvarez, Joseph and West Research Center",FR,France
si_0127,Davis and Sons Research Center,FR,France
si_0128,Holt-Torres Research Center,FR,France
si_0129,"Wood, Tran and Cooper Research Center",FR,France
si_0130,"Pierce, Bell and Chavez Research Center",FR,France
si_0131,King-Martinez Research Center,FR,France
si_0132,Stewart Ltd Research Center,FR,France
si_0133,"Tapia, Vaughn and Lee Research Center",FR,France
si_0134,"Washington, Hardy and Bray Research Center",FR,France
si_0135,"Carlson, Hooper and Wall Research Center",FR,France
si_0136,Perez-White Research Center,FR,France
si_0137,Erickson and Sons Research Center,FR,France
si_0138,Williams-Brown Research Center,FR,France
si_0139,Terry-Martinez Research Center,FR,France
si_0140,Garcia-Smith Research Center,FR,France
si_0141,Harrison-Alexander Research Center,FR,France
si_0142,Sheppard LLC Research Center,FR,France
si_0143,Wilson-Jones Research Center,FR,France
si_0144,Jones-Soto Research Center,FR,France
si_0145,Hernandez PLC Research Center,FR,France
si_0146,Miller-Wright Research Center,FR,France
si_0147,"Duran, Obrien and Gibbs Research Center",FR,France
si_0148,Rowe Group Research Center,FR,France
si_0149,Kerr-Evans Research Center,FR,France
si_0150,"Branch, Torres and Oliver Research Center",FR,France
si_0151,"Choi, Garcia and Farmer Research Center",FR,France
si_0152,"Clark, Guerrero and Moore Research Center",FR,France
si_0153,Arnold and Sons Research Center,FR,France
si_0154,Ortiz Ltd Research Center,FR,France
si_0155,"Harrison, Johnson and Roberts Research Center",FR,France
si_0156,Warner-Gibson Research Center,FR,France
si_0157,"Hall, Baker and Moody Research Center",FR,France
si_0158,"Guerrero, Peck and Coleman Research Center",FR,France
si_0159,"Walker, Hernandez and Baker Research Center",FR,France
si_0160,Jones and Sons Research Center,FR,France
si_0161,Larson-Holloway Research Center,FR,France
si_0162,Gonzales-Harrison Research Center,FR,France
si_0163,Lyons-Bender Research Center,FR,France
si_0164,"Fernandez, Kim and George Research Center",FR,France
si_0165,Navarro-Munoz Research Center,FR,France
si_0166,Davis Ltd Research Center,FR,France
si_0167,"Matthews, Smith and Hubbard Research Center",FR,France
si_0168,Johnston-Hines Research Center,FR,France
si_0169,Ruiz Ltd Research Center,FR,France
si_0170,Moon-White Research Center,FR,France
si_0171,"Graham, Olsen and Costa Research Center",FR,France
si_0172,Bailey-Cook Research Center,FR,France
si_0173,"Garcia, Martin and Jenkins Research Center",FR,France
si_0174,Roberts-Landry Research Center,FR,France
si_0175,"Johnson, Miller and King Research Center",FR,France
si_0176,Cordova Group Research Center,FR,France
si_0177,"Bryan, Smith and Booth Research Center",FR,France
si_0178,Gutierrez-Lopez Research Center,FR,France
si_0179,Dean-Jimenez Research Center,FR,France
si_0180,Wolf-Harris Research Center,FR,France
si_0181,"Anderson, Roberts and Gilmore Research Center",FR,France
si_0182,Martinez-Dudley Research Center,FR,France
si_0183,"Lloyd, Mckinney and Collins Research Center",FR,France
si_0184,Tran Inc Research Center,DE,Germany
si_0185,Gay Inc Research Center,DE,Germany
si_0186,Valentine-Holland Research Center,DE,Germany
si_0187,Jimenez Ltd Research Center,DE,Germany
si_0188,Hicks-Hill Research Center,DE,Germany
si_0189,Baird-Sanchez Research Center,DE,Germany
si_0190,"Thomas, Lee and Greene Research Center",DE,Germany
si_0191,"Suarez, Shields and Hill Research Center",DE,Germany
si_0192,Morgan-French Research Center,DE,Germany
si_0193,Hoover-Campbell Research Center,DE,Germany
si_0194,Monroe-Carpenter Research Center,DE,Germany
si_0195,"Burns, Hernandez and Ryan Research Center",DE,Germany
si_0196,Cook-Hines Research Center,DE,Germany
si_0197,Gibson-Morris Research Center,DE,Germany
si_0198,Pollard and Sons Research Center,DE,Germany
si_0199,"Reyes, Chase and Jenkins Research Center",DE,Germany
si_0200,Garner-Thornton Research Center,DE,Germany
si_0201,Hughes-Alvarado Research Center,DE,Germany
si_0202,"Pollard, Simpson and Johnson Research Center",DE,Germany
si_0203,"Sanford, Rivera and Garcia Research Center",DE,Germany
si_0204,Garcia-Lozano Research Center,DE,Germany
si_0205,Bowen Group Research Center,DE,Germany
si_0206,"Booker, Jones and Harrington Research Center",DE,Germany
si_0207,Morgan-Schwartz Research Center,DE,Germany
si_0208,"Miller, Murphy and Craig Research Center",DE,Germany
si_0209,"James, Stewart and Higgins Research Center",DE,Germany
si_0210,Brennan-Johnson Research Center,DE,Germany
si_0211,Young Ltd Research Center,DE,Germany
si_0212,Bright-Francis Research Center,DE,Germany
si_0213,Good-Hodges Research Center,DE,Germany
si_0214,"Brennan, Wallace and Benson Research Center",DE,Germany
si_0215,Williams Inc Research Center,DE,Germany
si_0216,Howard-Jordan Research Center,DE,Germany
si_0217,Schmidt PLC Research Center,DE,Germany
si_0218,"Sparks, Jackson and Miller Research Center",DE,Germany
si_0219,Harvey-Allen Research Center,DE,Germany
si_0220,"Thomas, Murray and King Research Center",DE,Germany
si_0221,Estrada-Nolan Research Center,DE,Germany
si_0222,Santana-Byrd Research Center,DE,Germany
si_0223,Jones LLC Research Center,DE,Germany
si_0224,"Evans, Hayden and Vaughn Research Center",DE,Germany
si_0225,Bruce-Gonzalez Research Center,DE,Germany
si_0226,Castaneda-Rodriguez Research Center,DE,Germany
si_0227,Armstrong-Andrews Research Center,DE,Germany
si_0228,"Phillips, Spence and Barrett Research Center",DE,Germany
si_0229,Smith-Grimes Research Center,DE,Germany
si_0230,"Beltran, Lozano and Mcgee Research Center",DE,Germany
si_0231,Parsons-Hall Research Center,DE,Germany
si_0232,Robinson-Lee Research Center,DE,Germany
si_0233,Byrd-Le Research Center,DE,Germany
si_0234,"Becker, Taylor and Davis Research Center",DE,Germany
si_0235,"Lucas, Parker and Alexander Research Center",DE,Germany
si_0236,"Diaz, Anderson and Browning Research Center",GB,United Kingdom
si_0237,Burgess-Thompson Research Center,GB,United Kingdom
si_0238,Buchanan LLC Research Center,GB,United Kingdom
si_0239,"Shaw, Nelson and Martin Research Center",GB,United Kingdom
si_0240,Coffey-Phillips Research Center,GB,United Kingdom
si_0241,Brock-Mcdonald Research Center,GB,United Kingdom
si_0242,Taylor and Sons Research Center,GB,United Kingdom
si_0243,"Ramsey, Whitney and Coffey Research Center",GB,United Kingdom
si_0244,"Diaz, Gibbs and Smith Research Center",GB,United Kingdom
si_0245,"Martinez, Richardson and Curry Research Center",GB,United Kingdom
si_0246,Richards-Carson Research Center,GB,United Kingdom
si_0247,Rodriguez-Hall Research Center,GB,United Kingdom
si_0248,Harvey PLC Research Center,GB,United Kingdom
si_0249,Herman-Walker Research Center,GB,United Kingdom
si_0250,Reid Group Research Center,GB,United Kingdom
si_0251,"Turner, Ortiz and Taylor Research Center",GB,United Kingdom
si_0252,Torres Group Research Center,GB,United Kingdom
si_0253,Davis PLC Research Center,GB,United Kingdom
si_0254,Price LLC Research Center,GB,United Kingdom
si_0255,"Avery, Horton and Fernandez Research Center",GB,United Kingdom
si_0256,"Newton, Moore and Perry Research Center",GB,United Kingdom
si_0257,Bass PLC Research Center,GB,United Kingdom
si_0258,Crosby-Ramirez Research Center,GB,United Kingdom
si_0259,"Wood, Ramos and Sampson Research Center",GB,United Kingdom
si_0260,Garcia-Jennings Research Center,GB,United Kingdom
si_0261,"Winters, Newman and Brown Research Center",GB,United Kingdom
si_0262,Lopez-Martinez Research Center,GB,United Kingdom
si_0263,Davis-Lewis Research Center,GB,United Kingdom
si_0264,"Harper, Smith and Buchanan Research Center",GB,United Kingdom
si_0265,Zhang PLC Research Center,GB,United Kingdom
si_0266,Jones PLC Research Center,GB,United Kingdom
si_0267,Willis and Sons Research Center,GB,United Kingdom
si_0268,Schroeder-Kramer Research Center,GB,United Kingdom
si_0269,"Smith, Garrison and Thomas Research Center",GB,United Kingdom
si_0270,Fernandez and Sons Research Center,GB,United Kingdom
si_0271,Guerrero Inc Research Center,GB,United Kingdom
si_0272,Smith and Sons Research Center,GB,United Kingdom
si_0273,"Morris, Thompson and Williams Research Center",GB,United Kingdom
si_0274,"Fisher, Wilson and Brown Research Center",GB,United Kingdom
si_0275,Strickland-Palmer Research Center,GB,United Kingdom
si_0276,Hayes and Sons Research Center,GB,United Kingdom
si_0277,"Williams, Logan and Camacho Research Center",GB,United Kingdom
si_0278,"Turner, Schneider and Johnson Research Center",GB,United Kingdom
si_0279,Boone-Simmons Research Center,GB,United Kingdom
si_0280,Henry Group Research Center,GB,United Kingdom
si_0281,Lam LLC Research Center,GB,United Kingdom
si_0282,"Hernandez, Martinez and Weber Research Center",GB,United Kingdom
si_0283,"Kelley, Nguyen and Vang Research Center",GB,United Kingdom
si_0284,"Phillips, Wagner and Jordan Research Center",GB,United Kingdom
si_0285,"Wilson, Pena and Rich Research Center",GB,United Kingdom
si_0286,"Le, Lewis and Hayes Research Center",GB,United Kingdom
si_0287,Gutierrez Group Research Center,GB,United Kingdom
si_0288,Perry-Davis Research Center,GB,United Kingdom
si_0289,Edwards-Scott Research Center,GB,United Kingdom
si_0290,Mcdaniel Group Research Center,GB,United Kingdom
si_0291,Davis Inc Research Center,GB,United Kingdom
si_0292,Reynolds Ltd Research Center,ES,Spain
si_0293,"Watson, Anderson and Brown Research Center",ES,Spain
si_0294,"Hoffman, Santiago and Jenkins Research Center",ES,Spain
si_0295,"Pugh, Henderson and Moon Research Center",ES,Spain
si_0296,Schmitt PLC Research Center,ES,Spain
si_0297,Bell-Lane Research Center,ES,Spain
si_0298,Moore Group Research Center,ES,Spain
si_0299,Boone LLC Research Center,ES,Spain
si_0300,"Richardson, Farmer and Andrews Research Center",ES,Spain
si_0301,Bruce-Villegas Research Center,ES,Spain
si_0302,"Austin, Day and Johnson Research Center",ES,Spain
si_0303,"Gallegos, Adams and White Research Center",ES,Spain
si_0304,"Farmer, Dorsey and Bell Research Center",ES,Spain
si_0305,Kane PLC Research Center,ES,Spain
si_0306,"Morales, Thomas and Schultz Research Center",ES,Spain
si_0307,Davis PLC Research Center,ES,Spain
si_0308,Bennett Group Research Center,ES,Spain
si_0309,Moore-Collins Research Center,ES,Spain
si_0310,Frank-Bradley Research Center,ES,Spain
si_0311,Ware and Sons Research Center,ES,Spain
si_0312,Webster Inc Research Center,ES,Spain
si_0313,"Miller, Ramos and Coleman Research Center",ES,Spain
si_0314,"Ramos, Nelson and Fischer Research Center",ES,Spain
si_0315,Reed Inc Research Center,ES,Spain
si_0316,Gregory-Watkins Research Center,ES,Spain
si_0317,"Estrada, Williams and Foster Research Center",ES,Spain
si_0318,"Brown, Harris and Dougherty Research Center",ES,Spain
si_0319,Duran LLC Research Center,ES,Spain
si_0320,Wilson-Jimenez Research Center,ES,Spain
si_0321,Thompson-James Research Center,ES,Spain
si_0322,"Hall, Hansen and Barnett Research Center",ES,Spain
si_0323,Jones-Hensley Research Center,ES,Spain
si_0324,Graham Group Research Center,ES,Spain
si_0325,Atkins PLC Research Center,ES,Spain
si_0326,Berry-Mckinney Research Center,ES,Spain
si_0327,Roberts-Sullivan Research Center,ES,Spain
si_0328,Jackson-Meza Research Center,ES,Spain
si_0329,Collier-Gillespie Research Center,ES,Spain
si_0330,Kim Inc Research Center,ES,Spain
si_0331,Graham Group Research Center,ES,Spain
si_0332,"Miller, Harrell and Reese Research Center",ES,Spain
si_0333,Cook and Sons Research Center,ES,Spain
si_0334,Dixon Inc Research Center,ES,Spain
si_0335,"Hicks, Bullock and Bailey Research Center",ES,Spain
si_0336,"Mullen, Brewer and Hernandez Research Center",ES,Spain
si_0337,Thomas and Sons Research Center,ES,Spain
si_0338,Morrison Ltd Research Center,ES,Spain
si_0339,Thompson Ltd Research Center,ES,Spain
si_0340,Marshall-Elliott Research Center,ES,Spain
si_0341,"Cole, Glass and Cunningham Research Center",ES,Spain
si_0342,"Downs, Morris and Maddox Research Center",ES,Spain
si_0343,Hernandez-Jones Research Center,ES,Spain
si_0344,Welch-Hogan Research Center,IT,Italy
si_0345,"Brown, Romero and Collins Research Center",IT,Italy
si_0346,Johnson-Wood Research Center,IT,Italy
si_0347,Jones-Lin Research Center,IT,Italy
si_0348,Gilbert PLC Research Center,IT,Italy
si_0349,Ford-Spencer Research Center,IT,Italy
si_0350,"Huang, Cole and Pacheco Research Center",IT,Italy
si_0351,"Lopez, Jacobs and Mason Research Center",IT,Italy
si_0352,Hayes LLC Research Center,IT,Italy
si_0353,"Miller, Lucas and Williams Research Center",IT,Italy
si_0354,"Kim, Gonzales and Mills Research Center",IT,Italy
si_0355,Cox LLC Research Center,IT,Italy
si_0356,Ortiz-Morgan Research Center,IT,Italy
si_0357,"Williams, Mccoy and Cook Research Center",IT,Italy
si_0358,Davis-Gregory Research Center,IT,Italy
si_0359,King-York Research Center,IT,Italy
si_0360,"Marks, Cook and Aguilar Research Center",IT,Italy
si_0361,Rangel LLC Research Center,IT,Italy
si_0362,"Hale, Myers and Larson Research Center",IT,Italy
si_0363,Collins Group Research Center,IT,Italy
si_0364,"Conner, Li and Santiago Research Center",IT,Italy
si_0365,"Osborn, Gaines and Davis Research Center",IT,Italy
si_0366,"Henderson, Cox and Cox Research Center",IT,Italy
si_0367,Bean LLC Research Center,IT,Italy
si_0368,Lee-Cooke Research Center,IT,Italy
si_0369,Jones Inc Research Center,IT,Italy
si_0370,"Wise, Conley and Stephenson Research Center",IT,Italy
si_0371,Stanley PLC Research Center,IT,Italy
si_0372,Harper and Sons Research Center,IT,Italy
si_0373,White Ltd Research Center,IT,Italy
si_0374,"Lamb, Martin and Kim Research Center",IT,Italy
si_0375,Diaz-Ball Research Center,IT,Italy
si_0376,Bishop-Goodwin Research Center,IT,Italy
si_0377,Young-Allen Research Center,IT,Italy
si_0378,Mckee-Lee Research Center,IT,Italy
si_0379,"Valentine, Joyce and Murray Research Center",IT,Italy
si_0380,Strickland-Shaw Research Center,IT,Italy
si_0381,Burch-Montoya Research Center,IT,Italy
si_0382,"Taylor, Wright and Davidson Research Center",IT,Italy
si_0383,Spencer-Garcia Research Center,JP,Japan
si_0384,"Rosales, Mitchell and Hines Research Center",JP,Japan
si_0385,Cole-Palmer Research Center,JP,Japan
si_0386,Davis-Lozano Research Center,JP,Japan
si_0387,Wilkerson-Arias Research Center,JP,Japan
si_0388,Brown-Shaw Research Center,JP,Japan
si_0389,Hughes Inc Research Center,JP,Japan
si_0390,Walker-Flores Research Center,JP,Japan
si_0391,Combs Ltd Research Center,JP,Japan
si_0392,Moody-Taylor Research Center,JP,Japan
si_0393,Lowery-Kennedy Research Center,JP,Japan
si_0394,Blake Group Research Center,JP,Japan
si_0395,Gilbert-Bullock Research Center,JP,Japan
si_0396,Scott and Sons Research Center,JP,Japan
si_0397,"Bentley, Lynch and Henderson Research Center",JP,Japan
si_0398,Young-Martinez Research Center,JP,Japan
si_0399,Barnes PLC Research Center,JP,Japan
si_0400,Brown-Copeland Research Center,JP,Japan
si_0401,Carlson-Smith Research Center,JP,Japan
si_0402,"Andrews, Higgins and Carter Research Center",JP,Japan
si_0403,Mendez and Sons Research Center,JP,Japan
si_0404,"Butler, Beck and Miller Research Center",JP,Japan
si_0405,Jones-Fox Research Center,JP,Japan
si_0406,"Hartman, Romero and Smith Research Center",JP,Japan
si_0407,Williams-Hughes Research Center,JP,Japan
si_0408,King-Smith Research Center,JP,Japan
si_0409,Cooper Ltd Research Center,JP,Japan
si_0410,"Fuller, Ingram and Moss Research Center",JP,Japan
si_0411,Anderson-Bell Research Center,JP,Japan
si_0412,Li-Thompson Research Center,JP,Japan
si_0413,"Marshall, Dominguez and Welch Research Center",JP,Japan
si_0414,Brown Group Research Center,JP,Japan
si_0415,Carter Inc Research Center,JP,Japan
si_0416,Blackwell LLC Research Center,JP,Japan
si_0417,Robertson-Hays Research Center,JP,Japan
si_0418,"Kennedy, Johnson and Lucas Research Center",JP,Japan
si_0419,Kelly-Norman Research Center,JP,Japan
si_0420,"Rivera, Martinez and Richardson Research Center",JP,Japan
si_0421,Paul-Kline Research Center,JP,Japan
si_0422,Morgan-Lopez Research Center,JP,Japan
si_0423,"Jimenez, Glass and Stone Research Center",CA,Canada
si_0424,Acosta Inc Research Center,CA,Canada
si_0425,Morrison-Short Research Center,CA,Canada
si_0426,"Carter, Garcia and Murphy Research Center",CA,Canada
si_0427,Parker-Morrison Research Center,CA,Canada
si_0428,Jackson-Wallace Research Center,CA,Canada
si_0429,Williams-Berg Research Center,CA,Canada
si_0430,Mendez-Graham Research Center,CA,Canada
si_0431,"Whitney, Gould and Jones Research Center",CA,Canada
si_0432,"Sullivan, Palmer and Brady Research Center",CA,Canada
si_0433,Cisneros and Sons Research Center,CA,Canada
si_0434,"Gregory, Kim and Martinez Research Center",CA,Canada
si_0435,Osborne LLC Research Center,CA,Canada
si_0436,Reyes-Bradley Research Center,CA,Canada
si_0437,"Hernandez, Cole and Watson Research Center",CA,Canada
si_0438,Hines-Berry Research Center,CA,Canada
si_0439,"Richardson, Edwards and Ramirez Research Center",CA,Canada
si_0440,Johnson and Sons Research Center,CA,Canada
si_0441,Holmes-Mcintyre Research Center,CA,Canada
si_0442,Green LLC Research Center,CA,Canada
si_0443,"Griffin, Davies and Mitchell Research Center",CA,Canada
si_0444,Gonzalez-Taylor Research Center,CA,Canada
si_0445,Hayes Ltd Research Center,CA,Canada
si_0446,Osborn-Cochran Research Center,CA,Canada
si_0447,Contreras-Mckinney Research Center,CA,Canada
si_0448,"Daniels, Vance and York Research Center",CA,Canada
si_0449,"Mckinney, Graves and Thompson Research Center",CA,Canada
si_0450,Hicks-Martinez Research Center,CA,Canada
si_0451,Conner and Sons Research Center,CA,Canada
si_0452,Johnson-Spencer Research Center,CA,Canada
si_0453,Mcdonald-Bird Research Center,CA,Canada
si_0454,Salazar Inc Research Center,CA,Canada
si_0455,Parker Ltd Research Center,CA,Canada
si_0456,"Mendoza, Jenkins and Ortiz Research Center",CA,Canada
si_0457,"Jones, Compton and Day Research Center",CA,Canada
si_0458,Owens-Holmes Research Center,CA,Canada
si_0459,Humphrey PLC Research Center,CA,Canada
si_0460,"Matthews, Saunders and Anderson Research Center",CA,Canada
si_0461,"Bartlett, Brown and Martinez Research Center",CA,Canada
si_0462,Torres and Sons Research Center,CA,Canada
si_0463,Donovan-Perez Research Center,CA,Canada
si_0464,"Jacobson, Singleton and King Research Center",CA,Canada
si_0465,"Huber, Hill and Weber Research Center",CA,Canada
si_0466,"Ferguson, Shaw and Jackson Research Center",CA,Canada
si_0467,"Moore, Hopkins and Le Research Center",CA,Canada
si_0468,"Morgan, Bradshaw and Williams Research Center",CA,Canada
si_0469,Miller Ltd Research Center,AU,Australia
si_0470,"Baker, Clark and Armstrong Research Center",AU,Australia
si_0471,"Fowler, Jimenez and Burton Research Center",AU,Australia
si_0472,May-Turner Research Center,AU,Australia
si_0473,Ballard Ltd Research Center,AU,Australia
si_0474,Evans-Jones Research Center,AU,Australia
si_0475,Moore Group Research Center,AU,Australia
si_0476,Marshall-Peterson Research Center,AU,Australia
si_0477,Edwards Ltd Research Center,AU,Australia
si_0478,Gross-Valencia Research Center,AU,Australia
si_0479,Anderson-Wood Research Center,AU,Australia
si_0480,"Rodriguez, Allen and Martinez Research Center",AU,Australia
si_0481,Wright-Davis Research Center,AU,Australia
si_0482,Dougherty-Lin Research Center,AU,Australia
si_0483,Wright-Grimes Research Center,AU,Australia
si_0484,Li PLC Research Center,AU,Australia
si_0485,"Edwards, Hines and Jimenez Research Center",AU,Australia
si_0486,"Owens, Koch and Jimenez Research Center",AU,Australia
si_0487,Landry PLC Research Center,AU,Australia
si_0488,Levy-Lewis Research Center,AU,Australia
si_0489,Williams-Campbell Research Center,AU,Australia
si_0490,"Khan, Pena and Ruiz Research Center",AU,Australia
si_0491,"Smith, Rodriguez and Anderson Research Center",AU,Australia
si_0492,Luna-Gallagher Research Center,AU,Australia
si_0493,Williams-Williams Research Center,AU,Australia
si_0494,"Lee, Tran and Jones Research Center",AU,Australia
si_0495,"Cole, Pierce and Bryan Research Center",AU,Australia
si_0496,"Becker, Wilson and Hester Research Center",AU,Australia
si_0497,Brooks-Hatfield Research Center,AU,Australia
si_0498,"Mcmillan, Fischer and Gonzalez Research Center",AU,Australia
si_0499,"Morales, Williams and Williams Research Center",AU,Australia
si_0500,"Cook, Wells and Bryant Research Center",AU,Australia
si_0501,"Barry, Taylor and Velazquez Research Center",AU,Australia
si_0502,Martin-Ewing Research Center,BR,Brazil
si_0503,"Kirby, Wheeler and Romero Research Center",BR,Brazil
si_0504,"Patel, Erickson and Evans Research Center",BR,Brazil
si_0505,Richardson Ltd Research Center,BR,Brazil
si_0506,Whitney PLC Research Center,BR,Brazil
si_0507,Robles-Swanson Research Center,BR,Brazil
si_0508,"Soto, Carlson and Baker Research Center",BR,Brazil
si_0509,"Patton, Parsons and Lane Research Center",BR,Brazil
si_0510,"Williams, Castillo and Warren Research Center",BR,Brazil
si_0511,"Harvey, Randall and Hernandez Research Center",BR,Brazil
si_0512,"Allen, Armstrong and Graves Research Center",BR,Brazil
si_0513,Smith LLC Research Center,BR,Brazil
si_0514,Hernandez-Vaughn Research Center,BR,Brazil
si_0515,Shaw-Carr Research Center,BR,Brazil
si_0516,Salas-Fitzgerald Research Center,BR,Brazil
si_0517,Thornton PLC Research Center,BR,Brazil
si_0518,Hoffman Ltd Research Center,BR,Brazil
si_0519,Fox-Edwards Research Center,BR,Brazil
si_0520,Stevens PLC Research Center,BR,Brazil
si_0521,Payne-Lowe Research Center,BR,Brazil
si_0522,"Becker, Lara and Baker Research Center",BR,Brazil
si_0523,Lee-Wright Research Center,BR,Brazil
si_0524,"Evans, David and Hendrix Research Center",BR,Brazil
si_0525,Bush-Vaughn Research Center,BR,Brazil
si_0526,Stewart-Bailey Research Center,BR,Brazil
si_0527,"Hill, Martinez and Rhodes Research Center",BR,Brazil
si_0528,Huang-Foster Research Center,KR,South Korea
si_0529,Blevins-Ballard Research Center,KR,South Korea
si_0530,Williams-Moses Research Center,KR,South Korea
si_0531,Reed Group Research Center,KR,South Korea
si_0532,"Scott, Mendoza and Harris Research Center",KR,South Korea
si_0533,"Nelson, Hoffman and Nelson Research Center",KR,South Korea
si_0534,Gilbert PLC Research Center,KR,South Korea
si_0535,Sanchez Ltd Research Center,KR,South Korea
si_0536,"Perez, Hall and Garcia Research Center",KR,South Korea
si_0537,Love-Garcia Research Center,KR,South Korea
si_0538,Smith PLC Research Center,KR,South Korea
si_0539,Russell Group Research Center,KR,South Korea
si_0540,Santos-Avila Research Center,KR,South Korea
si_0541,Morris-Brewer Research Center,KR,South Korea
si_0542,Pearson and Sons Research Center,KR,South Korea
si_0543,"Rodgers, Jefferson and Johnson Research Center",KR,South Korea
si_0544,Butler and Sons Research Center,IN,India
si_0545,Osborn Group Research Center,IN,India
si_0546,Lopez-Curry Research Center,IN,India
si_0547,Mcdowell-Smith Research Center,IN,India
si_0548,"Morrison, Hebert and Rogers Research Center",IN,India
si_0549,Hays-Daniels Research Center,IN,India
si_0550,Small-Anderson Research Center,IN,India
si_0551,"Mcdonald, Lee and Rodriguez Research Center",IN,India
si_0552,Simon Ltd Research Center,IN,India
si_0553,Higgins-Smith Research Center,IN,India
si_0554,Gibbs-Bradley Research Center,IN,India
si_0555,Thompson Ltd Research Center,IN,India
si_0556,Wilcox-Robertson Research Center,IN,India
si_0557,Morales Inc Research Center,IN,India
si_0558,Holden Group Research Center,IN,India
si_0559,Boyle-Smith Research Center,IN,India
si_0560,Young-Molina Research Center,IN,India
si_0561,Turner-Sharp Research Center,IN,India
si_0562,Green LLC Research Center,IN,India
si_0563,"Young, Contreras and Marshall Research Center",IN,India
si_0564,Sullivan PLC Research Center,IN,India
si_0565,"Carrillo, Vaughn and Fowler Research Center",IN,India
si_0566,Richardson-Walker Research Center,IN,India
si_0567,Mendoza Group Research Center,IN,India
si_0568,"Zhang, Brooks and Miles Research Center",MX,Mexico
si_0569,Todd-Pham Research Center,MX,Mexico
si_0570,Gill Ltd Research Center,MX,Mexico
si_0571,"Marks, Miller and Griffin Research Center",MX,Mexico
si_0572,"Cox, Stark and Rodriguez Research Center",MX,Mexico
si_0573,"Leach, Harris and Herrera Research Center",MX,Mexico
si_0574,Murphy PLC Research Center,MX,Mexico
si_0575,Wilson-Harris Research Center,MX,Mexico
si_0576,"Burns, Nolan and Griffin Research Center",MX,Mexico
si_0577,Chavez PLC Research Center,MX,Mexico
si_0578,Bryant-Brown Research Center,MX,Mexico
si_0579,Chambers-Parker Research Center,MX,Mexico
si_0580,Foster Inc Research Center,MX,Mexico
si_0581,"Robinson, Jones and Henderson Research Center",MX,Mexico
si_0582,"Brown, Mcknight and Michael Research Center",MX,Mexico
si_0583,Andersen Group Research Center,MX,Mexico
si_0584,Mitchell and Sons Research Center,MX,Mexico
si_0585,Cannon Ltd Research Center,MX,Mexico
si_0586,"Stuart, Brooks and Vance Research Center",MX,Mexico
si_0587,Kane-Knox Research Center,MX,Mexico
si_0588,Miller-Brandt Research Center,MX,Mexico
si_0589,"Anderson, Dalton and Wilson Research Center",ZA,South Africa
si_0590,"Long, Anderson and Irwin Research Center",ZA,South Africa
si_0591,Avila LLC Research Center,ZA,South Africa
si_0592,Nunez-Stephens Research Center,ZA,South Africa
si_0593,"Gray, Hall and Murray Research Center",ZA,South Africa
si_0594,Hill Ltd Research Center,ZA,South Africa
si_0595,Johnson Ltd Research Center,ZA,South Africa
si_0596,Mendez-Mayer Research Center,ZA,South Africa
si_0597,Allen Inc Research Center,ZA,South Africa
si_0598,Wheeler Group Research Center,ZA,South Africa
si_0599,"Powers, Brennan and Sanchez Research Center",PL,Poland
si_0600,Morales and Sons Research Center,PL,Poland
si_0601,"Robinson, Shields and Brown Research Center",PL,Poland
si_0602,"Holder, Young and Hendricks Research Center",PL,Poland
si_0603,"Flores, Harper and Chambers Research Center",PL,Poland
si_0604,Young-Walter Research Center,PL,Poland
si_0605,"Boyd, Gutierrez and Hill Research Center",PL,Poland
si_0606,"Fry, Hobbs and Buck Research Center",PL,Poland
si_0607,"Shelton, Peters and Williams Research Center",PL,Poland
si_0608,David-Powers Research Center,PL,Poland
si_0609,"Flores, Butler and Hernandez Research Center",PL,Poland
si_0610,White-Medina Research Center,PL,Poland
si_0611,Atkinson LLC Research Center,PL,Poland
si_0612,"Thomas, Ford and Brown Research Center",PL,Poland
si_0613,Faulkner-Grant Research Center,PL,Poland
si_0614,Price LLC Research Center,PL,Poland
si_0615,Rivera Inc Research Center,PL,Poland
si_0616,Boone-Davis Research Center,PL,Poland
si_0617,"Calderon, Williams and Bennett Research Center",PL,Poland
si_0618,"Morrison, Russo and Lopez Research Center",PL,Poland
si_0619,"Ramsey, Hansen and Mendoza Research Center",PL,Poland
si_0620,Turner-Stout Research Center,PL,Poland
si_0621,Giles Ltd Research Center,NL,Netherlands
si_0622,Burgess Group Research Center,NL,Netherlands
si_0623,Dominguez Ltd Research Center,NL,Netherlands
si_0624,Sanders and Sons Research Center,NL,Netherlands
si_0625,"Morris, Campbell and Owens Research Center",NL,Netherlands
si_0626,"Howard, Green and Hunt Research Center",NL,Netherlands
si_0627,Owens-Lang Research Center,NL,Netherlands
si_0628,"Harrison, Franco and Rocha Research Center",NL,Netherlands
si_0629,Edwards-Williams Research Center,NL,Netherlands
si_0630,Figueroa Inc Research Center,NL,Netherlands
si_0631,Tran-Silva Research Center,NL,Netherlands
si_0632,"Butler, Hernandez and Rivera Research Center",NL,Netherlands
si_0633,Hudson-Sanchez Research Center,NL,Netherlands
si_0634,"Pena, Cohen and Scott Research Center",NL,Netherlands
si_0635,Levy-May Research Center,NL,Netherlands
si_0636,Murray-Oconnor Research Center,BE,Belgium
si_0637,Jackson-Cortez Research Center,BE,Belgium
si_0638,White-Preston Research Center,BE,Belgium
si_0639,"Bernard, Warren and Combs Research Center",BE,Belgium
si_0640,Landry Ltd Research Center,BE,Belgium
si_0641,Duran Group Research Center,BE,Belgium
si_0642,Kirby and Sons Research Center,BE,Belgium
si_0643,Mann Inc Research Center,BE,Belgium
si_0644,Wagner LLC Research Center,BE,Belgium
si_0645,Williamson Ltd Research Center,BE,Belgium
si_0646,"Durham, Hopkins and Smith Research Center",BE,Belgium
si_0647,"Arnold, Smith and Moreno Research Center",BE,Belgium
si_0648,Nichols-Mitchell Research Center,BE,Belgium
si_0649,"Li, Craig and Drake Research Center",BE,Belgium
si_0650,Rodriguez Inc Research Center,BE,Belgium
si_0651,"Hernandez, Lee and Fox Research Center",BE,Belgium
si_0652,Adams-Sanders Research Center,BE,Belgium
si_0653,Chung-Stevens Research Center,BE,Belgium
si_0654,Branch and Sons Research Center,BE,Belgium
si_0655,Sutton-Abbott Research Center,BE,Belgium
si_0656,"Frey, Santos and Johnson Research Center",BE,Belgium
si_0657,Gray-Tran Research Center,AR,Argentina
si_0658,Walsh Ltd Research Center,AR,Argentina
si_0659,Miller Group Research Center,AR,Argentina
si_0660,"Mueller, Knight and Hodge Research Center",AR,Argentina
si_0661,Jacobson Inc Research Center,AR,Argentina
si_0662,Lewis Ltd Research Center,AR,Argentina
si_0663,"Alvarez, Williams and Jones Research Center",AR,Argentina
si_0664,Lam-Elliott Research Center,AR,Argentina
si_0665,White LLC Research Center,AR,Argentina
si_0666,Ali PLC Research Center,AR,Argentina
si_0667,Goodwin Ltd Research Center,AR,Argentina
si_0668,Hickman-Evans Research Center,AR,Argentina
si_0669,"Allen, Davenport and Price Research Center",AR,Argentina
si_0670,"Rivera, Campos and Taylor Research Center",CL,Chile
si_0671,"Ramsey, Mason and Mccann Research Center",CL,Chile
si_0672,Davis and Sons Research Center,CL,Chile
si_0673,Peterson PLC Research Center,CL,Chile
si_0674,"Sanders, Ayala and Johnson Research Center",CL,Chile
si_0675,Bowers-Hayes Research Center,CL,Chile
si_0676,Kelly Group Research Center,CL,Chile
si_0677,Lopez-Willis Research Center,CL,Chile
si_0678,Miller-Montgomery Research Center,CL,Chile
si_0679,Marquez Inc Research Center,CL,Chile
si_0680,Moore-Dawson Research Center,CL,Chile
si_0681,"Moore, Price and Ward Research Center",CL,Chile
si_0682,Smith LLC Research Center,CL,Chile
si_0683,Ward-Nelson Research Center,CL,Chile
si_0684,Miller Group Research Center,CL,Chile
si_0685,Hawkins-Hunt Research Center,CL,Chile
si_0686,Johnson LLC Research Center,CL,Chile
si_0687,"Davis, George and Nguyen Research Center",TW,Taiwan
si_0688,Smith-Gutierrez Research Center,TW,Taiwan
si_0689,Hardy PLC Research Center,TW,Taiwan
si_0690,Armstrong and Sons Research Center,TW,Taiwan
si_0691,"James, Taylor and Turner Research Center",TW,Taiwan
si_0692,Thomas-Jackson Research Center,TW,Taiwan
si_0693,Fisher-Washington Research Center,TW,Taiwan
si_0694,Ward and Sons Research Center,TW,Taiwan
si_0695,"Weber, Wheeler and Gonzalez Research Center",TW,Taiwan
si_0696,Taylor Inc Research Center,TW,Taiwan
si_0697,Cook-Oliver Research Center,TW,Taiwan
si_0698,Alexander-Jordan Research Center,TW,Taiwan
si_0699,"Mccann, Taylor and Flores Research Center",TW,Taiwan
si_0700,"Harris, Edwards and Oconnell Research Center",IL,Israel
si_0701,Carter-Neal Research Center,IL,Israel
si_0702,Faulkner-Casey Research Center,IL,Israel
si_0703,Bennett-Velasquez Research Center,IL,Israel
si_0704,Diaz-Frederick Research Center,IL,Israel
si_0705,Vargas PLC Research Center,IL,Israel
si_0706,Maldonado PLC Research Center,IL,Israel
si_0707,Benton Group Research Center,IL,Israel
si_0708,"Clark, Salinas and Guerra Research Center",IL,Israel
si_0709,Fuentes Group Research Center,IL,Israel
si_0710,"Porter, Schultz and Allen Research Center",IL,Israel
si_0711,"Moore, Henderson and Bennett Research Center",IL,Israel
si_0712,Ewing-Mendoza Research Center,IL,Israel
si_0713,Ferguson-Mclean Research Center,IL,Israel
si_0714,"Barnes, Johnson and Schmitt Research Center",IL,Israel
si_0715,"Woodard, Herrera and Little Research Center",IL,Israel
si_0716,Rodriguez and Sons Research Center,CZ,Czech Republic
si_0717,"Ortega, Jackson and Salazar Research Center",CZ,Czech Republic
si_0718,"Terrell, Byrd and Ross Research Center",CZ,Czech Republic
si_0719,Sheppard-Jordan Research Center,CZ,Czech Republic
si_0720,Garcia and Sons Research Center,CZ,Czech Republic
si_0721,"Burgess, Grant and Watts Research Center",CZ,Czech Republic
si_0722,Griffin Group Research Center,CZ,Czech Republic
si_0723,Barton-Chapman Research Center,CZ,Czech Republic
si_0724,"Hernandez, Cuevas and Webb Research Center",CZ,Czech Republic
si_0725,Perry-Nixon Research Center,CZ,Czech Republic
si_0726,Guerra Ltd Research Center,CZ,Czech Republic
si_0727,Bailey LLC Research Center,CZ,Czech Republic
si_0728,Mueller-Boyd Research Center,CZ,Czech Republic
si_0729,Alvarez-Kim Research Center,CZ,Czech Republic
si_0730,"Chavez, Jones and Williams Research Center",CZ,Czech Republic
si_0731,"Wilson, Sweeney and Wong Research Center",CZ,Czech Republic
si_0732,"Marsh, Spears and Yang Research Center",HU,Hungary
si_0733,"Thompson, Moore and Castro Research Center",HU,Hungary
si_0734,Hall-Sullivan Research Center,HU,Hungary
si_0735,Lopez Ltd Research Center,HU,Hungary
si_0736,Foster-Mclaughlin Research Center,HU,Hungary
si_0737,Cole Group Research Center,HU,Hungary
si_0738,Smith-Lewis Research Center,HU,Hungary
si_0739,Goodwin-Stokes Research Center,HU,Hungary
si_0740,Ray PLC Research Center,HU,Hungary
si_0741,Diaz and Sons Research Center,HU,Hungary
si_0742,Wilson-Lambert Research Center,HU,Hungary
si_0743,Rose-Fowler Research Center,HU,Hungary
si_0744,"Price, Long and Wilson Research Center",TH,Thailand
si_0745,Bruce-Williamson Research Center,TH,Thailand
si_0746,"Mccarthy, Evans and Mendez Research Center",TH,Thailand
si_0747,Powers LLC Research Center,TH,Thailand
si_0748,Allen Inc Research Center,TH,Thailand
si_0749,Brooks and Sons Research Center,TH,Thailand
si_0750,"Price, Carlson and Andrews Research Center",TH,Thailand
si_0751,Lopez-Reid Research Center,TH,Thailand
si_0752,"Ellison, Arias and Thompson Research Center",TH,Thailand
si_0753,Burns and Sons Research Center,TH,Thailand
si_0754,Edwards Group Research Center,TH,Thailand
si_0755,"Brown, Howard and Smith Research Center",TH,Thailand
si_0756,Lee Group Research Center,TH,Thailand
si_0757,"Wagner, Simpson and Cohen Research Center",RU,Russia
si_0758,Mckinney-Wallace Research Center,RU,Russia
si_0759,Miller Inc Research Center,RU,Russia
si_0760,Carter LLC Research Center,RU,Russia
si_0761,Medina and Sons Research Center,RU,Russia
si_0762,Cunningham-Barton Research Center,RU,Russia
si_0763,Dunn-Wilson Research Center,RU,Russia
si_0764,Adams PLC Research Center,RU,Russia
si_0765,Weaver-Sherman Research Center,RU,Russia
si_0766,"Alexander, Robinson and Coleman Research Center",CO,Colombia
si_0767,"Greer, Potter and Evans Research Center",CO,Colombia
si_0768,Cole LLC Research Center,CO,Colombia
si_0769,Gonzales Inc Research Center,CO,Colombia
si_0770,Clark Ltd Research Center,CO,Colombia
si_0771,"Norris, Callahan and Bishop Research Center",CO,Colombia
si_0772,Martin-Taylor Research Center,CO,Colombia
si_0773,Li Inc Research Center,CO,Colombia
si_0774,"Bell, Campbell and Ryan Research Center",CO,Colombia
si_0775,Werner-Carter Research Center,CO,Colombia
si_0776,"Adams, Hodge and Duke Research Center",CO,Colombia
si_0777,"Ochoa, Taylor and Brady Research Center",PH,Philippines
si_0778,Sellers-Riddle Research Center,PH,Philippines
si_0779,"Martinez, Cline and Wright Research Center",PH,Philippines
si_0780,"Morris, Wright and Bridges Research Center",PH,Philippines
si_0781,Burns-Ray Research Center,PH,Philippines
si_0782,Burton-Brooks Research Center,PH,Philippines
si_0783,Schultz Inc Research Center,PH,Philippines
si_0784,Robertson-Ramirez Research Center,PH,Philippines
si_0785,Gibson-Freeman Research Center,PH,Philippines
si_0786,"Smith, Schroeder and Oconnor Research Center",EG,Egypt
si_0787,"Stanton, Reid and Terry Research Center",EG,Egypt
si_0788,Flynn Group Research Center,EG,Egypt
si_0789,Donaldson and Sons Research Center,EG,Egypt
si_0790,Adams-Clayton Research Center,EG,Egypt
si_0791,Kelley-Anderson Research Center,SE,Sweden
si_0792,Kramer-Shannon Research Center,SE,Sweden
si_0793,Williams Ltd Research Center,SE,Sweden
si_0794,Smith-Noble Research Center,SE,Sweden
si_0795,Alexander Inc Research Center,SE,Sweden
si_0796,Harris-Barker Research Center,SE,Sweden
si_0797,Khan LLC Research Center,SE,Sweden
si_0798,Baxter LLC Research Center,DK,Denmark
si_0799,Pena LLC Research Center,DK,Denmark
si_0800,Watson Ltd Research Center,DK,Denmark
